"topic:考研数学，url='https://www.zhihu.com/topic/19768572/top-answers',点赞数,评论数,创建时间,更新时间"
1. Answers:考研数学怎么学?
https://www.zhihu.com/question/22527928/answer/350648025,4333,363,2018-03-26,2019-02-13
https://www.zhihu.com/question/22527928/answer/130117447,54259,2582,2016-11-06,2020-10-29
https://www.zhihu.com/question/22527928/answer/341373045,1527,200,2018-03-14,2018-03-16
https://www.zhihu.com/question/22527928/answer/653714955,4697,421,2019-04-17,2019-09-20
https://www.zhihu.com/question/22527928/answer/637347504,3335,202,2019-03-31,2019-11-24
https://www.zhihu.com/question/22527928/answer/148418153,1847,233,2017-02-25,2020-02-17
https://www.zhihu.com/question/22527928/answer/306325335,2620,404,2018-01-29,2020-01-04
https://www.zhihu.com/question/22527928/answer/382319390,1715,131,2018-05-03,2018-08-29
2. Answers:考研数学汤家凤和张宇谁讲的更好？
https://www.zhihu.com/question/48801470/answer/128672834,31942,1387,2016-10-27,2020-10-29
https://www.zhihu.com/question/48801470/answer/273057044,1826,87,2017-12-08,2017-12-12
https://www.zhihu.com/question/48801470/answer/286270316,5387,580,2017-12-31,2018-12-17
https://www.zhihu.com/question/48801470/answer/554840677,2844,394,2018-12-18,2018-12-21
3. Answers:如何在考研数学中取得 140+ 的好成绩？
https://www.zhihu.com/question/21068499/answer/25693115,15701,1327,2014-05-16,2019-07-21
https://www.zhihu.com/question/21068499/answer/1156867616,4010,475,2020-04-16,2020-09-22
https://www.zhihu.com/question/21068499/answer/626467936,15425,789,2019-03-19,2020-11-20
https://www.zhihu.com/question/21068499/answer/147832682,7938,669,2017-02-22,2020-10-13
https://www.zhihu.com/question/21068499/answer/419803013,2824,294,2018-06-17,2020-10-13
https://www.zhihu.com/question/21068499/answer/1082129253,2881,324,2020-03-16,2020-12-28
https://www.zhihu.com/question/21068499/answer/1199364339,1508,129,2020-05-04,2020-05-06
https://www.zhihu.com/question/21068499/answer/665782430,2291,135,2019-04-28,2020-05-07
https://www.zhihu.com/question/21068499/answer/794037173,1700,151,2019-08-19,2019-08-19
https://www.zhihu.com/question/21068499/answer/41806042,1975,382,2015-03-12,2016-08-21
4. Answers:考研数学，需要哪些复习资料以及视频？
https://www.zhihu.com/question/39995908/answer/84211595,11762,158,2016-01-31,2019-09-21
5. Answers:2020 考研复习全书，李林，汤家凤、李正元、李永乐，哪一个更好？
https://www.zhihu.com/question/308697933/answer/571016432,10114,1434,2019-01-10,2019-06-09
6. Answers:考研数学达到 140 分是个什么概念？什么感觉？
https://www.zhihu.com/question/20220073/answer/665890511,7203,253,2019-04-28,2020-05-07
https://www.zhihu.com/question/20220073/answer/185440305,2079,191,2017-06-18,2020-05-16
https://www.zhihu.com/question/20220073/answer/192350956,1607,88,2017-07-02,2018-07-18
https://www.zhihu.com/question/20220073/answer/1190402396,6102,344,2020-04-30,2020-11-30
https://www.zhihu.com/question/20220073/answer/702316913,3209,495,2019-06-01,2019-06-01
https://www.zhihu.com/question/20220073/answer/171988302,2495,260,2017-05-20,2017-08-20
https://www.zhihu.com/question/20220073/answer/14458956,2981,396,2012-05-18,2012-05-18
https://www.zhihu.com/question/20220073/answer/39942108,2981,199,2015-02-17,2015-12-27
https://www.zhihu.com/question/20220073/answer/649253010,1651,364,2019-04-12,2019-04-15
7. Article:2021考研——复习规划（数学篇）
http://zhuanlan.zhihu.com/p/110640156,6331,397,2020-03-03,2020-06-14
8. Answers:2020 考研数学该怎么复习？
https://www.zhihu.com/question/304814007/answer/601617942,6048,215,2019-02-18,2019-03-04
https://www.zhihu.com/question/304814007/answer/633058161,1967,146,2019-03-26,2019-11-24
https://www.zhihu.com/question/304814007/answer/575083410,5036,280,2019-01-16,2019-12-22
9. Article:数三148分，两年考研数学的一些经验
http://zhuanlan.zhihu.com/p/26488628,5833,440,2017-04-21,2020-05-10
10. Answers:考研数学怎么开始复习？
https://www.zhihu.com/question/22876444/answer/560924825,5567,351,2018-12-27,2020-07-21
https://www.zhihu.com/question/22876444/answer/153862110,3042,324,2017-03-27,2017-09-20
11. Answers:考研数学李林押题怎么样？
https://www.zhihu.com/question/53814099/answer/283085721,5295,901,2017-12-26,2018-12-23
https://www.zhihu.com/question/53814099/answer/283697504,1564,313,2017-12-27,2017-12-28
12. Answers:2020 考研数学真的会很难吗？
https://www.zhihu.com/question/309814289/answer/805249959,5181,200,2019-08-28,2019-09-19
13. Article:函数极限的最强解法——泰勒公式！！！
http://zhuanlan.zhihu.com/p/137746002,4627,225,2020-05-02,2020-06-29
14. Article:考研数学三经验分享（全）
http://zhuanlan.zhihu.com/p/61375069,4510,852,2019-04-04,2020-02-23
15. Article:我的三年考研教训史
http://zhuanlan.zhihu.com/p/62657890,4271,323,2019-04-16,2020-12-27
16. Answers:2021 考研数学该怎么复习？
https://www.zhihu.com/question/328628142/answer/1035075577,4210,322,2020-02-24,2020-03-13
https://www.zhihu.com/question/328628142/answer/1171499758,1741,107,2020-04-22,2020-07-31
https://www.zhihu.com/question/328628142/answer/1029756726,3780,509,2020-02-21,2020-03-09
17. Article:高数常见坑点：等价无穷小
http://zhuanlan.zhihu.com/p/62029838,4125,320,2019-04-11,2019-11-15
18. Article:高等数学上册(微积分)必背公式总结
http://zhuanlan.zhihu.com/p/106252437,3949,82,2020-02-11,2020-07-19
19. Answers:2020 考研数学整体难度如何，有什么特点？
https://www.zhihu.com/question/362312186/answer/945626134,3710,453,2019-12-22,2019-12-22
https://www.zhihu.com/question/362312186/answer/945646086,1859,243,2019-12-22,2019-12-28
https://www.zhihu.com/question/362312186/answer/945598479,1619,147,2019-12-22,2019-12-23
https://www.zhihu.com/question/362312186/answer/945568697,2395,134,2019-12-22,2019-12-22
20. Answers:如何看待2021考研数学大纲的重要修订？
https://www.zhihu.com/question/419056527/answer/1483559897,3622,138,2020-09-20,2020-09-22
21. Article:考研数学 | 一战143分经验分享
http://zhuanlan.zhihu.com/p/59598192,3503,231,2019-03-19,2020-10-29
22. Article:如何从考研大军脱颖而出的几点建议
http://zhuanlan.zhihu.com/p/62572501,3456,297,2019-04-16,2019-04-24
23. Article:一篇另类的考研数学经验贴
http://zhuanlan.zhihu.com/p/33083224,3033,281,2018-01-19,2019-10-10
24. Answers:如果让顶级的数学家来做 2018 考研数学会怎样？
https://www.zhihu.com/question/264550442/answer/283035755,1928,437,2017-12-26,2017-12-26
https://www.zhihu.com/question/264550442/answer/283088294,2965,0,2017-12-26,2017-12-26
25. Article:如何复习考研数学一
http://zhuanlan.zhihu.com/p/64038110,2855,105,2019-04-28,2020-06-14
26. Answers:考研数学应该怎么复习？买什么书或者看什么视频？
https://www.zhihu.com/question/312617320/answer/1118013372,2842,114,2020-03-31,2020-07-21
27. Answers:零基础自学高数有什么建议，考研数学三？
https://www.zhihu.com/question/26451097/answer/121032948,2821,209,2016-09-08,2020-01-27
28. Article:考研如何稳健的拿到400+？
http://zhuanlan.zhihu.com/p/138626209,2779,114,2020-05-08,2020-06-29
29. Article:考研数学2个半月上140分的思维导图
http://zhuanlan.zhihu.com/p/163697596,2767,277,2020-07-25,2020-12-27
30. Article:考研高数笔记V1.0——第十章 重积分
http://zhuanlan.zhihu.com/p/93558801,2693,76,2019-11-25,2020-08-24
31. Answers:如何评价考研数学老师张宇？
https://www.zhihu.com/question/29370350/answer/115051338,2556,270,2016-08-05,2018-08-29
32. Article:夹逼准则题型的万能解法之一——三段乘积法
http://zhuanlan.zhihu.com/p/133704948,2506,230,2020-04-20,2020-08-19
